domain	project
romanyuk.site	romanyuk
svsbs.popwebstudio.ru	svsbs
svsbs.ru	svsbs
cyndict.popwebstudio.ru	cindict
tscloud.popwebstudio.ru	tscloud
tscloud.aromanuq.bget.ru	tscloud
ts-cloud.ru	tscloud
lab.ts-cloud.ru	tscloud
cld.technoserv.com	tscloud
lab.cld.technoserv.com	tscloud
egypt.summer-quest.ru	adigeya
nlp-course.ru	freecon
test.nlp-course.ru	freecon
go.nlp-course.ru	freecon
ktopomozhet.popwebstudio.ru	whohelps
wifi.romanyuk.me	wifi
aromanyuk.ru	romanyuk
CP1.LAN	wifi
CP2.LAN	wifi
CPB.LAN	wifi
UCN.LAN	wifi
constructor.romanyuk.me	wifi
svsbs2.romanyuk.me	svsbs
erasc.popwebstudio.ru	erasc
psy-space.ru	freecon
test.psy-space.ru	freecon
soznanie.club	freecon
soznanie.shop	freecon
test.soznanie.club	freecon